{
    "accuracy": 0.5,
    "precision": 0.4594594594594595,
    "recall": 0.85,
    "f1": 0.5964912280701754
}