{
    "accuracy": 0.6086956521739131,
    "precision": 0.625,
    "recall": 0.25,
    "f1": 0.35714285714285715
}