{
    "accuracy": 0.5869565217391305,
    "precision": 1.0,
    "recall": 0.05,
    "f1": 0.09523809523809523
}